{
  "name": "fungo-pet-planner",
  "version": "1.0.0",
  "type": "module",
  "scripts": {
    "build": "vite build",
    "dev": "vite",
    "preview": "vite preview"
  },
  "dependencies": {
    "react": "^18.2.0",
    "react-dom": "^18.2.0",
    "lucide-react": "^0.263.1"
  },
  "devDependencies": {
    "@types/react": "^18.2.0",
    "@types/react-dom": "^18.2.0",
    "@vitejs/plugin-react": "^4.0.3",
    "autoprefixer": "^10.4.14",
    "postcss": "^8.4.24",
    "tailwindcss": "^3.3.0",
    "vite": "^4.4.5"
  }
}